Sentiment,tweets
-1,I can't stand Brookside chocolate. It's too sweet for my liking.
1,Brookside's range of flavors is impressive.
1,I'm dissatisfied with the pricing of Brookside products. They're too expensive.
0,I'm dissatisfied with the pricing of Brookside products. They're too expensive.
1,I'm dissatisfied with the pricing of Brookside products. They're too expensive.
1,Brookside's dedication to sustainability is commendable.
0,I can't stand Brookside chocolate. It's too sweet for my liking.
1,I'm a loyal customer of Brookside. Their products are consistently good.
0,Brookside's dedication to sustainability is commendable.
1,I'm impressed by the innovation in Brookside's new product line.
-1,I'm not impressed with the ingredients used in Brookside products. They seem artificial.
-1,I'm always excited to try new flavors from Brookside.
-1,Brookside smoothies are a great way to start the day.
-1,Brookside's dedication to sustainability is commendable.
0,I'm satisfied with the variety of products offered by Brookside.
0,I'm satisfied with the variety of products offered by Brookside.
-1,I'm not a fan of Brookside cereal. It lacks flavor.
-1,Brookside's dedication to sustainability is commendable.
-1,I had a bad experience with Brookside butter. It was spoiled.
-1,Brookside's range of flavors is impressive.
0,I had a positive experience visiting a Brookside store. The staff were friendly and helpful.
0,Brookside products are always fresh and top-notch.
1,Brookside's dedication to sustainability is commendable.
1,Brookside juices are refreshing and perfect for summer.
-1,Brookside cookies are a hit in our household. Everyone loves them!
0,I'm always excited to try new flavors from Brookside.
-1,Brookside's commitment to quality is evident in their products.
-1,I'm disappointed with the quality of Brookside cheese. It tasted bland.
-1,I can't stand Brookside chocolate. It's too sweet for my liking.
1,Brookside's dedication to sustainability is commendable.
1,Brookside yogurt is my go-to snack. So tasty!
0,"The packaging of Brookside products is eco-friendly, which I appreciate."
0,I'm disappointed with the quality of Brookside cheese. It tasted bland.
0,"The packaging of Brookside products is eco-friendly, which I appreciate."
1,Brookside products are always fresh and top-notch.
1,I'm dissatisfied with the pricing of Brookside products. They're too expensive.
0,Brookside yogurt is my go-to snack. So tasty!
-1,I had a bad experience with Brookside butter. It was spoiled.
1,I'm not impressed with the ingredients used in Brookside products. They seem artificial.
1,Brookside's dedication to sustainability is commendable.
-1,Brookside yogurt is my go-to snack. So tasty!
-1,I'm not a fan of Brookside cereal. It lacks flavor.
-1,Brookside's range of flavors is impressive.
-1,I'm indifferent towards Brookside granola bars. They're okay.
1,Brookside yogurt is my go-to snack. So tasty!
0,I'm indifferent towards Brookside granola bars. They're okay.
0,Brookside smoothies are a great way to start the day.
0,Just had some Brookside ice cream. It's amazing!
0,Brookside juices are refreshing and perfect for summer.
-1,I'm always excited to try new flavors from Brookside.
0,Just tried Brookside cheese for the first time. It's divine!
-1,Brookside snacks are perfect for on-the-go.
-1,Brookside's dedication to sustainability is commendable.
1,Brookside juices are refreshing and perfect for summer.
-1,Brookside chocolates are my guilty pleasure.
0,I've been buying Brookside snacks for years. They never disappoint.
0,I'm always excited to try new flavors from Brookside.
0,I'm satisfied with the variety of products offered by Brookside.
0,Just had some Brookside ice cream. It's amazing!
0,Brookside products are always fresh and top-notch.
0,Brookside smoothies are a great way to start the day.
1,I've been buying Brookside snacks for years. They never disappoint.
-1,Brookside smoothies are a great way to start the day.
-1,Brookside's commitment to quality is evident in their products.
0,Brookside's commitment to quality is evident in their products.
1,Brookside chocolates are my guilty pleasure.
-1,Brookside yogurt is my go-to snack. So tasty!
1,I'm dissatisfied with the pricing of Brookside products. They're too expensive.
0,I can't stand Brookside chocolate. It's too sweet for my liking.
0,I'm indifferent towards Brookside granola bars. They're okay.
1,Brookside yogurt is my go-to snack. So tasty!
-1,I had a bad experience with Brookside butter. It was spoiled.
1,I'm a loyal customer of Brookside. Their products are consistently good.
-1,I'm dissatisfied with the pricing of Brookside products. They're too expensive.
0,Brookside chocolates are my guilty pleasure.
0,Brookside's commitment to quality is evident in their products.
1,Brookside's range of flavors is impressive.
-1,Brookside's commitment to quality is evident in their products.
0,Brookside juices are refreshing and perfect for summer.
-1,I love Brookside milk! It's creamy and delicious.
-1,Brookside's range of flavors is impressive.
1,I'm dissatisfied with the pricing of Brookside products. They're too expensive.
0,I'm always excited to try new flavors from Brookside.
1,Brookside chocolates are my guilty pleasure.
-1,Brookside cookies are a hit in our household. Everyone loves them!
-1,Brookside smoothies are a great way to start the day.
0,Brookside juices are refreshing and perfect for summer.
0,I'm indifferent towards Brookside granola bars. They're okay.
-1,I'm impressed by the innovation in Brookside's new product line.
0,I had a bad experience with Brookside butter. It was spoiled.
0,I'm satisfied with the variety of products offered by Brookside.
0,Brookside's commitment to quality is evident in their products.
0,Brookside smoothies are a great way to start the day.
0,I'm indifferent towards Brookside granola bars. They're okay.
1,Brookside's range of flavors is impressive.
-1,I'm indifferent towards Brookside granola bars. They're okay.
0,I'm disappointed with the quality of Brookside cheese. It tasted bland.
1,Brookside's commitment to quality is evident in their products.
0,I'm always excited to try new flavors from Brookside.
0,I had a bad experience with Brookside butter. It was spoiled.
1,Brookside's dedication kwa quality inaonekana kwenye products zao.
0,I can't stand Brookside chocolate. Ina sukari mingi sana.
0,Nimejaribu Brookside cheese kwa mara ya kwanza. Inapendeza sana!
-1,Brookside yogurt ni mshikaji wangu. Ina tamu!
0,Nimekuwa na experience positive nikienda kwenye duka la Brookside. Wafanyakazi ni friendly na wanasaidia.
1,I love Brookside milk! Ni tamu sana!
-1,Brookside yogurt ni mshikaji wangu. Ina tamu!
-1,Brookside yogurt ni mshikaji wangu. Ina tamu!
1,Nimechoka na Brookside butter. Ilipoteza freshness yake.
0,Brookside chocolates ni kama mchezo wa hatari.
0,Brookside's commitment kwa sustainability ni ya kusifiwa.
1,I love Brookside milk! Ni tamu sana!
1,Brookside's commitment kwa sustainability ni ya kusifiwa.
-1,Nimejaribu Brookside cheese kwa mara ya kwanza. Inapendeza sana!
0,Brookside cookies ni favorite ya kila mtu nyumbani kwetu!
0,Brookside products ni fresh na top-notch sana.
1,Brookside's commitment kwa sustainability ni ya kusifiwa.
0,I'm impressed na innovation ya Brookside's new product line.
0,Brookside's commitment kwa sustainability ni ya kusifiwa.
1,I'm disappointed na quality ya Brookside cheese. Imekosa flavor.
1,Brookside juices ni refreshing na perfect for summer.
0,Brookside yogurt ni mshikaji wangu. Ina tamu!
0,Brookside snacks ni perfect kwa safari.
-1,Nimezoea Brookside fruit bars. Ni addictive!
-1,Nimefurahishwa na variety ya products za Brookside.
-1,Brookside's commitment kwa sustainability ni ya kusifiwa.
-1,I'm impressed na innovation ya Brookside's new product line.
0,Nimekuwa loyal customer wa Brookside. Products zao ni consistently good.
1,Brookside cookies ni favorite ya kila mtu nyumbani kwetu!
-1,Nimekasirishwa na bei ya Brookside products. Ni ghali sana.
1,Nimechoka na Brookside butter. Ilipoteza freshness yake.
-1,Brookside snacks ni perfect kwa safari.
0,I'm indifferent kwa Brookside granola bars. Ziko sawa tu.
0,I love Brookside milk! Ni tamu sana!
1,Brookside's dedication kwa quality inaonekana kwenye products zao.
-1,Sijaimpressed na ingredients zinazotumika kwa Brookside products. Zinaonekana za bandia.
0,Nimekuwa na experience positive nikienda kwenye duka la Brookside. Wafanyakazi ni friendly na wanasaidia.
0,I love Brookside milk! Ni tamu sana!
-1,Nimelala na Brookside ice cream. Imezidi!
0,Nimechoka na Brookside butter. Ilipoteza freshness yake.
-1,I can't stand Brookside chocolate. Ina sukari mingi sana.
-1,I'm disappointed na quality ya Brookside cheese. Imekosa flavor.
0,Sijaimpressed na ingredients zinazotumika kwa Brookside products. Zinaonekana za bandia.
1,Brookside's commitment kwa sustainability ni ya kusifiwa.
0,"Packaging ya Brookside products ni eco-friendly, naipenda."
0,I'm impressed na innovation ya Brookside's new product line.
-1,I'm impressed na innovation ya Brookside's new product line.
-1,Brookside snacks ni perfect kwa safari.
0,Brookside juices ni refreshing na perfect for summer.
0,Brookside's dedication kwa quality inaonekana kwenye products zao.
-1,Brookside cookies ni favorite ya kila mtu nyumbani kwetu!
-1,Nimekuwa nikinunua Brookside snacks kwa miaka. Hawanisumbui.
-1,Brookside's commitment kwa sustainability ni ya kusifiwa.
-1,Brookside smoothies ni njia nzuri ya kuanza siku.
-1,Nimekuwa loyal customer wa Brookside. Products zao ni consistently good.
1,Brookside snacks ni perfect kwa safari.
0,Brookside yogurt ni mshikaji wangu. Ina tamu!
1,Nimekasirishwa na bei ya Brookside products. Ni ghali sana.
1,Brookside cookies ni favorite ya kila mtu nyumbani kwetu!
1,Brookside juices ni refreshing na perfect for summer.
1,Brookside's range ya flavors ni impressive.
0,I'm indifferent kwa Brookside granola bars. Ziko sawa tu.
1,Brookside products ni fresh na top-notch sana.
-1,Brookside's dedication kwa quality inaonekana kwenye products zao.
1,I'm disappointed na quality ya Brookside cheese. Imekosa flavor.
-1,Brookside juices ni refreshing na perfect for summer.
0,"Packaging ya Brookside products ni eco-friendly, naipenda."
0,Sijavutiwa na Brookside cereal. Imekosa ladha.
-1,Brookside snacks ni perfect kwa safari.
0,Brookside chocolates ni kama mchezo wa hatari.
0,Brookside juices ni refreshing na perfect for summer.
-1,Nimejaribu Brookside cheese kwa mara ya kwanza. Inapendeza sana!
-1,Nimekuwa na experience positive nikienda kwenye duka la Brookside. Wafanyakazi ni friendly na wanasaidia.
0,Nimezoea Brookside fruit bars. Ni addictive!
-1,Nimechoka na Brookside butter. Ilipoteza freshness yake.
0,I love Brookside milk! Ni tamu sana!
-1,Sijavutiwa na Brookside cereal. Imekosa ladha.
0,I love Brookside milk! Ni tamu sana!
1,Brookside chocolates ni kama mchezo wa hatari.
0,Brookside's range ya flavors ni impressive.
1,Nimelala na Brookside ice cream. Imezidi!
1,Brookside products ni fresh na top-notch sana.
1,Brookside products ni fresh na top-notch sana.
0,Brookside's dedication kwa quality inaonekana kwenye products zao.
1,Nimechoka na Brookside butter. Ilipoteza freshness yake.
1,Nimekuwa na experience mbaya na customer service ya Brookside. Hawakusaidia.
1,Brookside smoothies ni njia nzuri ya kuanza siku.
-1,Nimelala na Brookside ice cream. Imezidi!
0,Brookside snacks ni perfect kwa safari.
-1,Nimekuwa na experience positive nikienda kwenye duka la Brookside. Wafanyakazi ni friendly na wanasaidia.
-1,Sijaimpressed na ingredients zinazotumika kwa Brookside products. Zinaonekana za bandia.
1,Nimekuwa loyal customer wa Brookside. Products zao ni consistently good.
-1,Brookside smoothies ni njia nzuri ya kuanza siku.
0,Nimekuwa loyal customer wa Brookside. Products zao ni consistently good.
1,I'm impressed na innovation ya Brookside's new product line.
1,Brookside cookies ni favorite ya kila mtu nyumbani kwetu!
0,I'm disappointed na quality ya Brookside cheese. Imekosa flavor.
1,I'm indifferent kwa Brookside granola bars. Ziko sawa tu.
-1,I can't stand Brookside chocolate. Ina sukari mingi sana.
-1,Nimekasirishwa na bei ya Brookside products. Ni ghali sana.
0,"Just bought some Brookside yogurt. It's alright, nothing special."
0,"Just bought some Brookside yogurt. It's alright, nothing special."
-1,I had a bad experience with Brookside milk. It tasted spoiled.
0,"Just bought some Brookside yogurt. It's alright, nothing special."
-1,I had a bad experience with Brookside milk. It tasted spoiled.
1,I love Brookside products! They're the best.
1,I love Brookside products! They're the best.
1,I love Brookside products! They're the best.
1,I love Brookside products! They're the best.
-1,I had a bad experience with Brookside milk. It tasted spoiled.
1,I love Brookside products! They're the best.
0,"Just bought some Brookside yogurt. It's alright, nothing special."
-1,I had a bad experience with Brookside milk. It tasted spoiled.
0,"Just bought some Brookside yogurt. It's alright, nothing special."
1,I love Brookside products! They're the best.
-1,I had a bad experience with Brookside milk. It tasted spoiled.
1,I love Brookside products! They're the best.
1,I love Brookside products! They're the best.
-1,I had a bad experience with Brookside milk. It tasted spoiled.
-1,I had a bad experience with Brookside milk. It tasted spoiled.
1,I love Brookside products! They're the best.
1,I love Brookside products! They're the best.
-1,I had a bad experience with Brookside milk. It tasted spoiled.
-1,I had a bad experience with Brookside milk. It tasted spoiled.
-1,I had a bad experience with Brookside milk. It tasted spoiled.
-1,I had a bad experience with Brookside milk. It tasted spoiled.
1,I love Brookside products! They're the best.
1,I love Brookside products! They're the best.
1,I love Brookside products! They're the best.
1,I love Brookside products! They're the best.
-1,I had a bad experience with Brookside milk. It tasted spoiled.
1,I love Brookside products! They're the best.
0,"Just bought some Brookside yogurt. It's alright, nothing special."
-1,I had a bad experience with Brookside milk. It tasted spoiled.
1,I love Brookside products! They're the best.
0,"Just bought some Brookside yogurt. It's alright, nothing special."
0,"Just bought some Brookside yogurt. It's alright, nothing special."
1,I love Brookside products! They're the best.
0,"Just bought some Brookside yogurt. It's alright, nothing special."
1,I love Brookside products! They're the best.
1,I love Brookside products! They're the best.
0,"Just bought some Brookside yogurt. It's alright, nothing special."
-1,I had a bad experience with Brookside milk. It tasted spoiled.
-1,I had a bad experience with Brookside milk. It tasted spoiled.
-1,I had a bad experience with Brookside milk. It tasted spoiled.
-1,I had a bad experience with Brookside milk. It tasted spoiled.
0,"Just bought some Brookside yogurt. It's alright, nothing special."
-1,I had a bad experience with Brookside milk. It tasted spoiled.
0,"Just bought some Brookside yogurt. It's alright, nothing special."
-1,I had a bad experience with Brookside milk. It tasted spoiled.
0,"Just bought some Brookside yogurt. It's alright, nothing special."
-1,I had a bad experience with Brookside milk. It tasted spoiled.
-1,I had a bad experience with Brookside milk. It tasted spoiled.
-1,I had a bad experience with Brookside milk. It tasted spoiled.
0,"Just bought some Brookside yogurt. It's alright, nothing special."
-1,I had a bad experience with Brookside milk. It tasted spoiled.
0,"Just bought some Brookside yogurt. It's alright, nothing special."
-1,I had a bad experience with Brookside milk. It tasted spoiled.
-1,I had a bad experience with Brookside milk. It tasted spoiled.
1,I love Brookside products! They're the best.
0,"Just bought some Brookside yogurt. It's alright, nothing special."
0,"Just bought some Brookside yogurt. It's alright, nothing special."
-1,I had a bad experience with Brookside milk. It tasted spoiled.
0,"Just bought some Brookside yogurt. It's alright, nothing special."
-1,I had a bad experience with Brookside milk. It tasted spoiled.
0,"Just bought some Brookside yogurt. It's alright, nothing special."
-1,I had a bad experience with Brookside milk. It tasted spoiled.
1,I love Brookside products! They're the best.
1,I love Brookside products! They're the best.
1,I love Brookside products! They're the best.
-1,I had a bad experience with Brookside milk. It tasted spoiled.
0,"Just bought some Brookside yogurt. It's alright, nothing special."
1,I love Brookside products! They're the best.
1,I love Brookside products! They're the best.
-1,I had a bad experience with Brookside milk. It tasted spoiled.
0,"Just bought some Brookside yogurt. It's alright, nothing special."
0,"Just bought some Brookside yogurt. It's alright, nothing special."
0,"Just bought some Brookside yogurt. It's alright, nothing special."
-1,I had a bad experience with Brookside milk. It tasted spoiled.
0,"Just bought some Brookside yogurt. It's alright, nothing special."
0,"Just bought some Brookside yogurt. It's alright, nothing special."
1,I love Brookside products! They're the best.
0,"Just bought some Brookside yogurt. It's alright, nothing special."
1,I love Brookside products! They're the best.
0,"Just bought some Brookside yogurt. It's alright, nothing special."
0,"Just bought some Brookside yogurt. It's alright, nothing special."
0,"Just bought some Brookside yogurt. It's alright, nothing special."
1,I love Brookside products! They're the best.
-1,I had a bad experience with Brookside milk. It tasted spoiled.
0,"Just bought some Brookside yogurt. It's alright, nothing special."
1,I love Brookside products! They're the best.
1,I love Brookside products! They're the best.
-1,I had a bad experience with Brookside milk. It tasted spoiled.
1,I love Brookside products! They're the best.
1,I love Brookside products! They're the best.
1,I love Brookside products! They're the best.
-1,I had a bad experience with Brookside milk. It tasted spoiled.
1,I love Brookside products! They're the best.
-1,I had a bad experience with Brookside milk. It tasted spoiled.
0,"Just bought some Brookside yogurt. It's alright, nothing special."
